,PC1,PC2,PC3,PC4,PC5,PC6,PC7,PC8,PC9,PC10,PC11,PC12,PC13,PC14,PC15,PC16,PC17,PC18,PC19,PC20,PC21,PC22
true_edit_days_scaled,0.2535358894703756,0.15674788688318422,0.00520372167817874,-0.12056702881527576,-0.08083610226903717,-0.0719384361651201,0.025214248880511905,0.039015342408552034,-0.15527683795726907,-0.10102808051048813,-0.04063977017301626,0.010429872777991645,-0.08917873735145049,0.03773703373341298,-0.01580731402961806,-0.07999541602763809,0.10229612584001817,0.006446234442089821,0.054911210019364214,0.07525480171288763,0.03524078865984654,0.0194040755361555
active_duration_scaled,0.06183356291742281,0.10353720944700107,-0.07248744004069184,-0.05902675498071337,-0.13335064240989383,-0.009882080333248673,0.3749968625060167,-0.051889854172984515,-0.2977432949692016,-0.25932555607785346,-0.014412066396886964,-0.006404930595463219,-0.128847682124966,-0.13173806785891853,0.17496983264949875,-0.029533693117256694,-0.15378143648293194,-0.03129425024217751,0.12874133074802774,0.0911618332049605,0.24742173182223562,0.14884929451640047
activity_ratio_true_scaled,0.20903069391346163,0.06261220820909907,0.0394617270661751,-0.1261826864053098,-0.0628834758078427,-0.11728187476627336,-0.1545415389953426,0.23965883812250702,0.016972273238188017,0.334575016257235,0.09776856625922016,0.10638775881380821,-0.13101960005564875,0.03383599094647143,-0.007814312697993105,0.00504739910283608,0.006841235784458014,-0.013651450865804979,0.021960550605902632,0.0003010851418170309,0.11865285185685563,0.03574879617691261
edits_per_day_true_scaled,0.23175489556746515,-0.12916210428549482,-0.04057490805013012,0.19643084395345925,0.14738098820860074,0.0847294075163956,0.1332054001580682,0.039436992806844616,0.04369974306956071,0.08751667960386882,-0.12087250609854405,0.016916966785797946,0.055803283801228266,-0.07545345510254739,0.05520584236260023,0.028966845293501287,-0.20721371611866127,0.014141911360006377,-0.040195815066814786,-0.045133218054164086,-0.09258961727749655,-0.05168645245616616
mean_days_between_edits_true_scaled,-0.23554393501923968,-0.1153649291362045,-0.05220074952579648,0.08587605228720714,-0.0018503200258146119,0.04934690406894413,0.21620720409644867,-0.0454357878421866,-0.026257616879661008,-0.01255513921821216,0.04529337087256771,-0.004586864239098989,-0.002525695121887227,-0.13557792173028818,0.13415635621817476,0.06876757637947088,-0.25469436817043123,-0.026787878409716293,0.014326761222757124,-0.03810528880477052,0.11869980817301726,0.07200393145319434
pause_after_first_editing_day_scaled,-0.14260373516235791,-0.11073879983315116,0.006924375248297427,-0.023534735779632495,-0.024725109429517104,-0.048834640475897036,0.24707655549198163,0.21837461600218705,-0.17430031015432768,0.1912987735317218,0.01615368643985318,0.035462272928760905,-0.12985471189267228,-0.20405481286694094,0.05215713844246246,0.0074963584290300865,-0.3185616047881506,0.004547373692231272,-0.08413648597840097,-0.06778521860450164,-0.1510255878795309,-0.007754687878509633
top_country_ratio_scaled,-0.06743591351039468,0.15332799787393261,-0.3304140505017322,0.16276711162327256,0.14372753373744118,-0.019128939601781633,-0.16604038417445136,0.13710399715959168,-0.15504777784354598,0.0036217771957787388,-0.03421022456389446,0.060339860406843276,-0.047143410689019026,-0.08739024502456733,0.024794169731005313,-0.026058300403734507,0.03175339598030511,0.03190719954483445,0.013355479323946866,0.10852648806541125,0.04184985891262383,0.021401894601027018
entropy_country_distribution_scaled,0.08599575389595607,-0.13903450954135513,0.3330199676625066,-0.17870102489852632,-0.15433214679931836,0.011997587923954356,0.18135888957090143,-0.13219295535715972,0.13300944319079214,-0.011909744079597554,0.027008359151815067,-0.058802821613679675,0.04016644712307908,0.07662264556854831,-0.02772395930786722,0.02176977799291477,-0.019070505865298615,-0.023551150336990356,-0.012936538208173629,-0.09273484916095108,-0.024729915021669015,-0.018828203619100946
diversity_score_scaled,0.11208342928494867,-0.15000075787445047,0.3094564416274596,-0.16627415153843567,-0.13389219128150653,0.013190234681473574,0.18628831891621403,-0.1142004757993208,0.1494276418629502,0.0076431022750734125,0.027144002537610495,-0.05831200098276776,0.04767389303288983,0.07209374111258772,-0.005404014003220761,0.022965557857898767,-0.03775095555369317,-0.03145033300354758,-0.010974073404818737,-0.09434985925879875,-0.02956339855890117,-0.01777550131535548
number_of_countries_scaled,0.1836021388280655,-0.03744838561441021,0.2312180098053782,-0.1730970236675268,-0.16014546122951592,-0.03936511011174577,0.19019315905466228,-0.026202602504526187,0.02736885798637441,0.01600877196597002,0.00915094063324183,-0.01920083446980648,-0.010690348459142046,0.04260853823764946,-0.01243129935089357,0.007983338360540576,-0.0034792809084533394,-0.009724926956982892,0.010147497776449977,-0.05290748531071335,0.040492370904964894,-0.010294960228479592
max_country_edits_scaled,0.29369707959919816,0.04351333654769944,-0.06716475155693485,0.05786907080213016,0.05732941466597498,0.0032680360567316396,0.07607246351408202,0.058377112090182814,-0.09266089234261221,-0.022245406886532038,-0.10479999291786207,0.02149308145855805,-0.02781535638300043,-0.029086990360832232,0.024798943714705722,-0.03871357522701389,-0.04867826670453354,0.01766087482569851,0.01165156995680111,0.035979132205285105,-0.028171513738287468,-0.017169532045517365
created_ratio_scaled,0.01760074863245652,-0.13590113621176458,0.3024627695320067,0.2612314942999411,-0.014249455223010726,-0.0061032728246648285,-0.13901735945738797,-0.08572825446327687,-0.2186992688656637,-0.025827998979243177,0.012063853702927582,0.17255383942186775,-0.04299072991184985,-0.00037743755588257006,0.008573180804857075,-0.08048104506380581,-0.017182091786587438,0.03175285463387126,-0.0005807926472368147,0.03678753556272747,-0.06572448830252649,-0.08239534118078723
deleted_ratio_scaled,-0.0019806532050364025,0.008346329511836552,-0.10599534450566538,0.12989691338969464,-0.17078076792970429,-0.12766897068623595,0.14864667510703056,0.2790245594535918,0.43446087845614056,-0.22219253339918507,0.03482276117292616,0.15853803821968748,0.00033978933335463335,-0.09972794414821569,-0.11661567893823045,-0.20941313320300486,0.04776787055330076,0.0011794538417837178,-0.016475200030904788,0.00016278398485813366,-0.07398647933435747,0.0012251381434134347
tag_ratio_scaled,0.00669559850159196,0.04269773894874112,-0.07065294080591088,0.055875211346751275,-0.12009994278179549,0.2139268772613932,0.09659146325015344,-0.06596514765121406,0.11972282099755177,0.12985528921233133,-0.21263423976214715,-0.05624951236210453,-0.39177222015635166,-0.25824741948183255,0.15172624869202875,0.4798036855400131,0.3489818256709394,-0.2934432970851705,0.20009008202578019,-0.03999967271625394,-0.012318721771601746,-0.041268780779091005
geometry_ratio_scaled,0.006591494693987335,0.048811506216594545,-0.16268383960575428,0.04118793274492507,-0.16082194095946464,-0.02209498528764066,0.08966065960888533,0.043774051899039754,0.049086758354320345,0.04748465877093518,0.22563252765931857,-0.16900258027435328,0.040182633840891276,0.44704947174368737,0.5079160938243704,0.3287582966951023,-0.06377945076696438,0.22011758839561665,-0.14431992080466946,0.23733939424036377,0.01644303510824468,-0.06086264594413881
none_ratio_scaled,-0.05536632995080523,0.14403119835065895,-0.042473714249153444,-0.31467021256241823,0.26734232938255514,0.13748496041000427,0.04739206448219372,0.22042394106170868,0.06433554294177593,-0.11548388191214459,0.005204661962696758,-0.16450001875251158,0.01956871335736431,0.04209603431473453,-0.07799515412653377,0.10193912028093906,0.009780026477394666,-0.05949809397347712,0.010981221393044865,-0.10497162821692053,0.1582910131860731,-0.0025051025215721535
total_edits_scaled,0.3003194834901592,0.02481709105652259,-0.02644295422151474,0.03692593036867334,0.03854081004646436,0.0049459105737693744,0.09538764644637082,0.041238190550536694,-0.07169152177118175,-0.021677603410173513,-0.09906113900756225,0.01370275158505723,-0.021439551177477225,-0.01735786290626277,0.021676938148916625,-0.03527406170285661,-0.05213123132161347,0.013042594099084572,0.010529385925743139,0.021506299170100718,-0.0338002991063262,-0.019506252152771696
burstiness_score_scaled,0.16112791118360237,0.13038854867522595,-0.039620386863459645,-0.009014111097479148,0.0063944864227554075,0.04801924915338594,0.01968533495611423,-0.13694775008456883,-0.11571758732344498,-0.319394174355852,-0.10538226423790077,-0.018908026420951695,0.0763655870462726,0.006924016030008621,0.01933200666893074,-0.07836353906588393,0.19937130248223978,0.08015069939480769,-0.03782774239269818,0.14563697169113848,-0.3606661070843338,-0.28062751185473334
building_ratio_scaled,0.04714131548188162,-0.2001495064801306,0.18016826197073532,0.08464529894577208,0.2766543913424386,-0.025483246974885184,0.07677141921719438,0.025263468445059906,-0.03167245371308179,-0.08307937060053765,0.13640030039362522,0.04480995808632444,-0.14598226146066243,-0.16160488420249125,0.04389930025755745,0.01916956871165605,0.2060410815626817,0.22670919991894545,-0.16996357446883306,0.10366966845713571,0.23933254091401393,0.1521861841926884
road_ratio_scaled,0.0356506699794228,0.05988414055962183,-0.2709929249886744,-0.21366612448108302,0.10772040230795926,0.050956717506263974,0.07167569212445159,-0.12975603777944467,0.006887533547642345,0.12165698004643116,0.1990855076709905,-0.06487004207679224,0.07842621123152996,0.2272643891426505,-0.0037964216206432966,-0.12993576709019383,-0.17225466323977215,-0.28200767740312455,0.2694654859414769,-0.08691313164673312,-0.19941024711804792,-0.08352466285836062
amenity_ratio_scaled,-0.05977464160223871,0.2581998223386335,0.16418254563013698,0.05934890260802633,0.18610800357391047,-0.14250767722626326,0.10321258510724701,-0.08192682666546855,0.073762319739208,0.10457852211857468,0.03858083009307327,-0.08504485345667487,0.003561228579353138,-0.00311389720883517,-0.014844457983638405,0.018079936809937937,-0.02995603924056724,0.036401815556986766,0.06649642350139368,0.03506477957450926,-0.10979288883820257,0.036034072286210306
shop_ratio_scaled,-0.05401844535966407,0.2011492346415766,0.16092640832426067,0.06917656313051453,0.11802994264645476,-0.09968581620549011,0.022089640269802212,0.00650450353792305,0.05742440881941292,0.0918413430030926,-0.060288693685935174,-0.1774723166491935,0.04487188195477971,-0.038969393768844784,0.16869058260640957,-0.1668553600306343,0.0026349262269497803,-0.12332761726248108,-0.12481733884196822,0.09540247651605892,-0.056133505545386465,0.4999490290469008
educational_institution_ratio_scaled,-0.008947395417551724,0.1151268915759223,0.03080743762518176,0.07891665995343422,0.2203552827848072,-0.12875804025303875,0.16533924702587474,-0.1064766547968579,0.10934163475818949,0.1420905912285548,0.18773065321709054,-0.07902947680400638,-0.08620983481481387,-0.10838689264015826,0.01683425567079079,-0.004160518912866099,0.14926334399363592,0.5349706809758591,0.5072902878267442,-0.1766664862785523,-0.10569930811588708,-0.16098116383810093
healthcare_facility_ratio_scaled,-0.026519418927271696,0.13321415715075166,0.0943724931743654,0.07957305683980305,0.12080591399934625,-0.09815927257643707,0.054913808820022225,-0.02119504782007342,0.06861588403667103,0.1375297119412525,-0.02422782213513275,-0.2743100259292482,0.024774786176441584,-0.14962966614526443,0.4097567777463247,-0.4422183649929726,0.16963817234035536,-0.317932937433838,-0.16799472001477236,-0.0983178993019791,0.19487594820646248,-0.41713863160729536
land_use_ratio_scaled,0.04405970309024706,0.05006900976948052,-0.08542896075935905,0.08479206268714695,0.12060864009163218,-0.2276884391335065,0.15178947236577703,-0.2738375947206326,0.015531069292744008,0.10238386233746917,0.18541994749485813,0.16741317766873268,-0.11236832783018003,0.03511658497792803,-0.3094277444954088,0.2328322669958477,0.055639766526060674,-0.2667995394622237,-0.3574727664583995,0.14254498932409276,-0.032746546211171394,-0.2473969590906597
point_of_interest_ratio_scaled,-0.0818425502804728,0.27020016596476965,0.17912759499243883,0.07087332456775824,0.15862810228910218,-0.16854379381882834,0.05056554670153507,-0.0668717270942962,0.055040025468987105,0.0883893295493529,0.006289745263594835,-0.05990485191246587,0.002419814730426982,0.024805965592369056,-0.020551670530484154,0.03404087201604929,-0.034238241170603416,-0.021676193993551682,0.008175834178555422,0.07033296037238096,-0.12542326099374104,0.19737893545176374
feature_category_count_scaled,0.2096343273513242,0.16712734496910425,-0.05516186760509302,0.022831132192773135,0.05362145390385401,-0.12352345758177669,0.15107718914377516,-0.0649776584684977,-0.09789919965044773,-0.07818681587778287,-0.10173989446809181,0.02966976747773651,-0.03154712765919597,0.07097568828260557,0.028132387650664836,0.007457922136678094,-0.02654881733538745,0.0386588846747631,-0.07739417238289273,-0.05992713755984319,-0.02470894487885026,0.10037993931626868
top_feature_ratio_scaled,0.031610602630179105,-0.26276462766187686,-0.0328186382447507,-0.05853521356483847,-0.09663047083132804,0.22249343689075377,-0.16402785150562701,0.1102382835182113,-0.04576425222041872,0.016133135585897095,0.013968362561611167,-0.07095034305921313,0.03235923168634569,-0.030221300007846383,0.16756333595728193,-0.215604283623217,0.030941673065157212,-0.03179503840597424,0.19946519156096923,0.004551151062499441,-0.059882632381632016,-0.042005814365926084
node_ratio_scaled,-0.07970760545173115,0.27203135360138214,0.1775592884700517,0.10853900459454097,-0.1662053730574199,0.06194881782822125,-0.05968306122455087,0.1051346614528322,0.042734482582829206,0.008786428662552453,-0.227884129716534,0.009944471088871597,0.06807527075052146,-0.01644427779042454,-0.0171269609634685,0.10192726461528923,-0.15881304891448936,-0.06025562336455326,0.1057115464742831,0.04770557604627354,-0.1504960301789839,-0.02754590893987426
way_ratio_scaled,0.07872943636086939,-0.2705842716964386,-0.12824566302890744,-0.08276613408362328,0.22068150731036668,-0.014411747924355884,0.06336083819320301,-0.06125298936350959,-0.03564229454525189,-0.05421034237089458,0.3017421817649095,0.07916951131725258,-0.12215302286300234,0.07827142644283037,0.08638284113669221,-0.11110027941523105,0.16885361917433556,-0.02311847100072125,-0.07134129405616607,-0.03534410242631002,0.038434194155199275,0.0773520337400235
relation_ratio_scaled,0.004849795065081041,-0.01000203023910376,-0.1740350984767542,-0.09124506267609743,-0.18560667838802983,-0.16576174835827587,-0.011641541905800202,-0.15389505166735412,-0.02534490054546158,0.15714599436344046,-0.25159649090934716,-0.3087923534628992,0.18602732677165942,-0.2138114150253813,-0.23952527079854052,0.029897048925953452,-0.031857853885060634,0.28983759549287214,-0.1209667144051471,-0.04368411997869358,0.39084142117730025,-0.1719778352018866
geometry_tag_ratio_scaled,0.047204450488385875,-0.023319634379857818,-0.28616230850337904,-0.027109429760204213,-0.20851240585516098,-0.1787505543502058,0.034502852799191956,-0.27676105686987856,0.018724233147917466,0.23711917847932035,-0.0336858167156396,-0.03697656915107868,0.12871089505775474,-0.05098690946333432,-0.014443762396723335,-0.13817329761623776,-0.0834043203874178,0.06104367558976856,-0.027234862624740657,0.046148994711188655,-0.09106755842236516,0.14729648212696164
new_keys_ratio_scaled,-0.08252174246518498,0.12189158231930827,0.20817000234753075,0.10213647782106419,0.047213718787180003,-0.11161007668549998,-0.15119815005777876,0.16968924041960204,-0.2427852578213982,-0.15004554516923205,0.038243979966123325,-0.11718189150634616,0.06256560458755253,0.23178779324680773,-0.012981729507665601,0.19925911870083216,-0.10067154430959915,-0.011468759628593636,0.007728579936770068,-0.2012707917268882,0.18059699057696652,-0.2448607989645854
deleted_keys_ratio_scaled,-0.014835611986459074,0.061959832174398786,-0.12490131797737439,0.09353443457685368,-0.17124587748525605,-0.16471873958277683,0.15201602093645217,0.3181025075670439,0.39439791395838003,-0.22894775894838684,0.04860928839336958,0.002241304653888507,0.005825822657139039,0.02505806352350132,0.013584677136682561,-0.008011774314455218,0.08828275690769576,0.05851941439009965,-0.10436325556211966,-0.039005704927591506,0.005358406141820662,-0.038570325689022855
keys_per_changeset_ratio_scaled,0.15180433307909896,-0.03057803397737159,0.0030602197693346315,0.38755878281406453,0.013629791361972739,0.09652806346141936,0.121713825086143,0.17388372376599462,-0.08859513186004503,-0.024572130771932606,0.09558633636273,-0.2566175894149632,0.0028999154497281725,0.1293875877086261,-0.18154780421684155,0.028440357397795022,-0.11422751748594374,-0.05300619424576616,-0.010672163558071853,-0.19352499949920693,0.032196638943222215,-0.057865023926129106
edits_per_changeset_ratio_scaled,0.18660295983916553,-0.08931050690405785,-0.07040913593196901,0.31897828633377584,0.006009274118360783,0.17102174680896046,0.1590930655539034,0.039585984986525366,-0.030504031082345985,0.09727601608783472,0.05403006213818074,-0.20413902271524706,-0.03016020627842938,0.0048982281842626174,-0.16453242606810903,-0.04937686942178771,-0.07272336361577679,-0.06306849205496567,0.006257557037148606,-0.09144394661127558,-0.06376165008995843,0.07579472513387416
changeset_duration_ratio_in_sec_scaled,-0.007979444190684892,0.1662028224085912,-0.047201533030404516,-0.021300893357857127,0.023728084378566557,0.44923009593321805,0.147348222424748,-0.03611572634699735,0.10816373926980384,0.12376013892582532,0.05735542697607949,0.060003342927881995,-0.13860779276866692,0.0371533558525507,-0.05149408840507415,-0.11657697660536463,-0.0835843711039776,0.1604274574178233,-0.1843230129106167,0.08975830518549788,0.10450921553719926,-0.11185032172861568
josm_changeset_ratio_scaled,0.1412481601416504,0.02606860153215422,-0.007480996456718064,0.048572911947139266,-0.07910542555730984,0.00855375336808626,0.04296933753241234,0.08730156320309067,-0.13835089950025212,0.033366392236840646,0.3046672458551633,0.03992142329681923,0.6032705269727586,-0.31846736120152663,0.0952418266448898,0.23825216352189718,0.2392370560473672,-0.10685437718970502,0.011917754204373186,-0.06885602452973245,-0.043366246240652224,0.09403564717809905
id_changeset_ratio_scaled,-0.03918796836883927,-0.23495955511509173,-0.07862806055267019,0.045636902256479615,0.033967932377991276,-0.37054666166315015,-0.07274808849808467,-0.03862521284130152,0.042524903696168015,-0.10286878810645056,-0.19267564447242003,-0.11206430372923208,-0.30072191562448747,0.15703075645813233,0.03592936322739895,-0.009263680888148112,-0.0913317448517388,-0.07957934628792905,0.1184589084485635,-0.08830257340042781,-0.014880533851376835,0.00027902898014985615
streetcomplete_changeset_ratio_scaled,0.004858148475979382,0.09441286010657497,-0.01431749982844692,-0.29800507580302416,0.32870690931964,0.19467875227678313,0.09848174721254642,0.12533996923154483,0.06895810645083511,-0.07409133077038968,-0.055089042561398856,-0.03272229763272021,0.07228913672822478,-0.05252687054708661,-0.18149363335365223,0.03705075038546613,-0.12966447157009225,-0.013028443114907647,-0.04943695750936649,0.04865540024753291,0.02433667129943295,-0.02345680573367019
other_id_changeset_ratio_scaled,-0.05864541126099223,0.20256083616293424,0.11016076994925926,0.10784823780459932,-0.20242391957094616,0.31266843052270915,-0.008810782403420573,-0.10028233723327622,0.003337987414200955,0.14956869715861812,0.04808260033673247,0.12837687780154758,-0.12337824657191146,0.07678123220685593,0.008026468986303683,-0.1869389230710517,0.022712128918269785,0.18281048279156,-0.11914852899313329,0.1246233608825063,0.03338182521829018,-0.053186607872809176
comment_length_ratio_scaled,0.010200020809869518,-0.19354496352370917,0.12271922861666,0.015133229650917786,0.03980912413648401,-0.06918407420292903,0.021270094780754003,0.14316727346965036,0.05053328103615348,0.02813100679449991,0.08598575198887275,-0.2845024409811695,0.03638154372476282,-0.10224895153227034,-0.14820027340837494,0.00847232680068938,-0.08631487088505452,-0.09384839918333565,0.24829087432626404,0.7759301230928635,0.02298848706005347,-0.15428607507576172
changesets_per_edit_day_scaled,0.12647064342447034,-0.08947042632156858,0.03477034885357456,-0.11547701586438162,0.2440945370409294,-0.09448981796620379,-0.006571378632587757,0.021215363774274167,0.12432871166755448,0.01840928552776994,-0.28993278092663377,0.32834284922842766,0.13751701584831771,-0.1435410959105288,0.3386997523601,0.13038373566475492,-0.25878372957091444,0.11109154812815542,-0.07511791538302084,0.04997440843936751,-0.07210606725018341,-0.2116028547488332
avg_days_valid_per_edit_scaled,-0.047502201057405026,0.16770969077067938,0.025387444677543534,0.13391423170313438,-0.073527604816346,-0.0672856542792787,0.06992615486539641,-0.11257005511392543,0.0574710715325501,-0.06510694684032958,0.20567043598726542,0.4289850242931943,0.07667217647721758,-0.02067475984198871,-0.010298619271586488,-0.07126586646125162,-0.18724471686673155,-0.1872321197904419,0.3358176887094619,0.029236528060929284,0.38055162675599363,-0.12481151522413286
active_weeks_scaled,0.2342787598199062,0.15736351622008354,0.007948335947929626,-0.1312610208959613,-0.09747576328861075,-0.07866982420290086,0.051822413805256214,0.028656211436212206,-0.17792813506896166,-0.13356185867042117,-0.03911214660951426,-0.012143693380112447,-0.11171380204196497,0.03284951583708853,-0.023542720781678052,-0.09198230158771839,0.09094885981808619,-0.005297397474990463,0.0760310001127987,0.07294317097895585,0.07806255336909235,0.06311041626583201
days_to_50_scaled,-0.19605202019196452,0.04868922640393917,0.018036787245167066,-0.1553128764050743,-0.1380868856208361,-0.10547040314709333,0.09282387662442931,0.17713321575378826,-0.23725429052340982,0.025914224556083644,0.15690241255005313,-0.003539543286797519,-0.1365648787950608,-0.15930005385695128,-0.035347297990425935,-0.040191457712607834,0.009248858802915157,0.045898441179169164,-0.11028861919696498,-0.040866097639292685,-0.2523845663812348,-0.13846171217216496
days_to_100_scaled,-0.2094728039063001,0.029607634729026975,0.014579122438227092,-0.15530831046407526,-0.12803246351649447,-0.10157781254815225,0.10873918517917672,0.14852151869100555,-0.22736809272371608,0.00788517936814462,0.1422620638813338,-0.004234972226966574,-0.12727148681260214,-0.14520340650768532,-0.021158505759363865,-0.046454825199245285,0.01434780684419757,0.042024085761115146,-0.09196941222627555,-0.022763057807714822,-0.2002995059817969,-0.11752013617612247
frontload_ratio_scaled,-0.15787191324047686,-0.08768521094573216,-0.011925220129591458,0.030896123307166217,0.055490300877593955,-0.018055697000411628,0.2974706597699479,0.13594557490719236,-0.12571773715702544,0.18869598433761414,-0.2903403715696518,0.1645728299086248,0.17570898385414985,0.30683164598795176,-0.06558754845137865,-0.06632800254602646,0.29396089939973846,-0.017701300038051045,0.08812920801137943,0.0639647973617703,0.06505171623451855,0.0033395529387992974
early_days_ratio_scaled,-0.16739172697513138,-0.10995290439693638,-0.008957691783966994,0.0307765828851556,0.04212545058239667,-0.02358347221532215,0.31105619777984594,0.1611373536864538,-0.1461225905566361,0.19991662025783902,-0.24390519910575723,0.1538598728967329,0.15316844483103978,0.23712030446183888,-0.047890980159587884,-0.05564134696619512,0.23745560753958586,-0.010834046074778985,0.058794286639246025,0.0444827953756177,0.017903416647820965,-0.019584192356657273
activity_density_scaled,0.20908795486006015,0.06267102245266548,0.039442422229690466,-0.12620791113230737,-0.0629526564891213,-0.11732962396453087,-0.15429385574394328,0.23965923526449115,0.01676395262312648,0.3344114425314757,0.09770025949696497,0.10638115915967346,-0.1311201698871755,0.03384345597070196,-0.007798314125030674,0.004994955027324337,0.0068334857065913,-0.013642691533605958,0.02200773585508317,0.0003727947856520149,0.11878884846982175,0.03579290532649785
edits_per_span_day_scaled,0.2707349336188578,0.017208352973790697,0.020418946314464156,0.031016547071522606,0.015568924902080561,-0.03454388337256821,-0.05136073348877425,0.1961020999319499,-0.0005872335749952662,0.20063821120120695,0.004066245577239121,0.05241021514951022,-0.02961912391208057,-0.025804008141217166,-0.01599751311312693,0.011570961172386015,-0.04016802238046123,0.015778206704943183,-0.033471382676760905,-0.036131440707496944,-0.08155962449894147,-0.07755707917282258
